名前,メールアドレス,パスワード,学科,性別
テスト太郎,duc.nguyen+8000@codecomplete.jp,f8bpu5pb,普通科,男性
テスト花子,duc.nguyen+8001@codecomplete.jp,le343wz5,電気科,女性
テスト生徒,duc.nguyen+8002@codecomplete.jp,p8xh00te,機械科,その他
テスト太郎,duc.nguyen+8003@codecomplete.jp,0hf81mep,普通科,男性
テスト花子,duc.nguyen+8004@codecomplete.jp,ys119yry,電気科,女性
テスト生徒,duc.nguyen+8005@codecomplete.jp,cuwo8n19,機械科,その他
テスト太郎,duc.nguyen+8006@codecomplete.jp,vyjt2nij,普通科,男性
テスト花子,duc.nguyen+8007@codecomplete.jp,j3clt44j,電気科,女性
テスト生徒,duc.nguyen+8008@codecomplete.jp,5zfo1e0p,機械科,その他
テスト太郎,duc.nguyen+8009@codecomplete.jp,m9kyu53z,普通科,男性
テスト太郎,duc.nguyen+8010@codecomplete.jp,csfhixjf,普通科,その他
テスト太郎,duc.nguyen+8011@codecomplete.jp,2djmc4bl,普通科,男性
テスト太郎,duc.nguyen+8012@codecomplete.jp,kqn6azu9,普通科,女性
テスト太郎,duc.nguyen+8013@codecomplete.jp,mljj68hv,普通科,その他
テスト太郎,duc.nguyen+8014@codecomplete.jp,tc3bkmzk,普通科,男性
テスト太郎,duc.nguyen+8015@codecomplete.jp,yw8tni8n,普通科,女性
テスト太郎,duc.nguyen+8016@codecomplete.jp,25pos4uz,普通科,その他
テスト太郎,duc.nguyen+8017@codecomplete.jp,zib4ri2u,普通科,男性
テスト太郎,duc.nguyen+8018@codecomplete.jp,l1pebg4g,普通科,女性
テスト太郎,duc.nguyen+8019@codecomplete.jp,rgnps955,普通科,その他
テスト太郎,duc.nguyen+8020@codecomplete.jp,5m4do5eh,普通科,男性
テスト太郎,duc.nguyen+8021@codecomplete.jp,nsmhk90z,普通科,その他
テスト太郎,duc.nguyen+8022@codecomplete.jp,6tzaapnp,普通科,男性
テスト太郎,duc.nguyen+8023@codecomplete.jp,kmt20305,普通科,女性
テスト太郎,duc.nguyen+8024@codecomplete.jp,9vys086o,普通科,その他
テスト太郎,duc.nguyen+8025@codecomplete.jp,fv65q7b8,普通科,男性
テスト太郎,duc.nguyen+8026@codecomplete.jp,yduslyup,普通科,その他
テスト太郎,duc.nguyen+8027@codecomplete.jp,plsmbeei,普通科,男性
テスト太郎,duc.nguyen+8028@codecomplete.jp,91wuvn2z,普通科,女性
テスト太郎,duc.nguyen+8029@codecomplete.jp,blw4f27g,普通科,その他
テスト太郎,duc.nguyen+8030@codecomplete.jp,kg7r1lgz,普通科,男性
テスト太郎,duc.nguyen+8031@codecomplete.jp,kxt8tfq2,普通科,女性
テスト太郎,duc.nguyen+8032@codecomplete.jp,kmpab01d,普通科,その他
テスト太郎,duc.nguyen+8033@codecomplete.jp,ngch3wuf,普通科,男性
テスト太郎,duc.nguyen+8034@codecomplete.jp,ygpfs0qb,普通科,女性
テスト太郎,duc.nguyen+8035@codecomplete.jp,ww52tror,普通科,その他
テスト太郎,duc.nguyen+8036@codecomplete.jp,crez0z89,普通科,男性
テスト太郎,duc.nguyen+8037@codecomplete.jp,ikmm8z1u,普通科,その他
テスト太郎,duc.nguyen+8038@codecomplete.jp,vvl0r8o5,普通科,男性
テスト太郎,duc.nguyen+8039@codecomplete.jp,v2hyu4y5,普通科,女性
テスト太郎,duc.nguyen+8040@codecomplete.jp,yc3aiaen,普通科,その他
テスト太郎,duc.nguyen+8041@codecomplete.jp,god3umnc,普通科,男性
テスト太郎,duc.nguyen+8042@codecomplete.jp,8cideu60,普通科,女性
テスト太郎,duc.nguyen+8043@codecomplete.jp,rdtfarkj,普通科,その他
テスト太郎,duc.nguyen+8044@codecomplete.jp,ugkps7d0,普通科,男性
テスト太郎,duc.nguyen+8045@codecomplete.jp,ohfdx1s9,普通科,女性
テスト太郎,duc.nguyen+8046@codecomplete.jp,kq8f2f0m,普通科,その他
テスト太郎,duc.nguyen+8047@codecomplete.jp,xnz8uo09,普通科,男性
テスト太郎,duc.nguyen+8048@codecomplete.jp,zo9g62nn,普通科,その他
テスト太郎,duc.nguyen+8049@codecomplete.jp,orpeq48d,普通科,男性
テスト太郎,duc.nguyen+8050@codecomplete.jp,bwasp1nt,普通科,その他
テスト太郎,duc.nguyen+8051@codecomplete.jp,tic8yk8m,普通科,男性
テスト太郎,duc.nguyen+8052@codecomplete.jp,r2mzzamt,普通科,女性
テスト太郎,duc.nguyen+8053@codecomplete.jp,q37q49rw,普通科,その他
テスト太郎,duc.nguyen+8054@codecomplete.jp,ebe87wfh,普通科,男性
テスト太郎,duc.nguyen+8055@codecomplete.jp,qch55e6j,普通科,女性
テスト太郎,duc.nguyen+8056@codecomplete.jp,ivwv8em6,普通科,その他
テスト太郎,duc.nguyen+8057@codecomplete.jp,yu1c3gkg,普通科,男性
テスト太郎,duc.nguyen+8058@codecomplete.jp,sitwi7nr,普通科,女性
テスト太郎,duc.nguyen+8059@codecomplete.jp,b25j3pv0,普通科,その他
テスト太郎,duc.nguyen+8060@codecomplete.jp,ggpk1h4i,普通科,男性
テスト太郎,duc.nguyen+8061@codecomplete.jp,w46vf9y7,普通科,その他
テスト太郎,duc.nguyen+8062@codecomplete.jp,hhae0zr7,普通科,男性
テスト太郎,duc.nguyen+8063@codecomplete.jp,7tbr7fja,普通科,女性
テスト太郎,duc.nguyen+8064@codecomplete.jp,iibcfmel,普通科,その他
テスト太郎,duc.nguyen+8065@codecomplete.jp,81duu1t6,普通科,男性
テスト太郎,duc.nguyen+8066@codecomplete.jp,v13mgvzv,普通科,女性
テスト太郎,duc.nguyen+8067@codecomplete.jp,i8vmytkf,普通科,その他
テスト太郎,duc.nguyen+8068@codecomplete.jp,qs4gvb29,普通科,男性
テスト太郎,duc.nguyen+8069@codecomplete.jp,xqg9xw9c,普通科,女性
テスト太郎,duc.nguyen+8070@codecomplete.jp,e8h0d2ze,普通科,その他
テスト太郎,duc.nguyen+8071@codecomplete.jp,vwiz9dwf,普通科,男性
テスト太郎,duc.nguyen+8072@codecomplete.jp,bzd94kf3,普通科,その他
テスト太郎,duc.nguyen+8073@codecomplete.jp,dddis3eb,普通科,男性
テスト太郎,duc.nguyen+8074@codecomplete.jp,18sys4w1,普通科,その他
テスト太郎,duc.nguyen+8075@codecomplete.jp,fnn26f4k,普通科,男性
テスト太郎,duc.nguyen+8076@codecomplete.jp,ak4igfuh,普通科,女性
テスト太郎,duc.nguyen+8077@codecomplete.jp,otvmax9e,普通科,その他
テスト太郎,duc.nguyen+8078@codecomplete.jp,ydtd4tyh,普通科,男性
テスト太郎,duc.nguyen+8079@codecomplete.jp,xy4xlohz,普通科,女性
テスト太郎,duc.nguyen+8080@codecomplete.jp,k2dq0gvx,普通科,その他
テスト太郎,duc.nguyen+8081@codecomplete.jp,nswbzr3r,普通科,男性
テスト太郎,duc.nguyen+8082@codecomplete.jp,3bjjxa9j,普通科,女性
テスト太郎,duc.nguyen+8083@codecomplete.jp,vyrpyfv1,普通科,その他
テスト太郎,duc.nguyen+8084@codecomplete.jp,dxwowr8n,普通科,男性
テスト太郎,duc.nguyen+8085@codecomplete.jp,yclvm9wi,普通科,その他
テスト太郎,duc.nguyen+8086@codecomplete.jp,j3b7sl0t,普通科,男性
テスト太郎,duc.nguyen+8087@codecomplete.jp,2y8hb9qh,普通科,女性
テスト太郎,duc.nguyen+8088@codecomplete.jp,tq9yub3h,普通科,その他
テスト太郎,duc.nguyen+8089@codecomplete.jp,0g2q9f3j,普通科,男性
テスト太郎,duc.nguyen+8090@codecomplete.jp,ydd385vv,普通科,女性
テスト太郎,duc.nguyen+8091@codecomplete.jp,7qmktwg6,普通科,その他
テスト太郎,duc.nguyen+8092@codecomplete.jp,ox3hxrqm,普通科,男性
テスト太郎,duc.nguyen+8093@codecomplete.jp,05rrk6bz,普通科,女性
テスト太郎,duc.nguyen+8094@codecomplete.jp,055sy6no,普通科,その他
テスト太郎,duc.nguyen+8095@codecomplete.jp,m7si15qg,普通科,男性
テスト太郎,duc.nguyen+8096@codecomplete.jp,lfya231v,普通科,その他
テスト太郎,duc.nguyen+8097@codecomplete.jp,nb12l160,普通科,男性
テスト太郎,duc.nguyen+8098@codecomplete.jp,yzxtrar7,普通科,女性
テスト太郎,duc.nguyen+8099@codecomplete.jp,gz0vrie9,普通科,その他
テスト太郎,duc.nguyen+8100@codecomplete.jp,v9wy9l7z,普通科,男性
テスト花子,duc.nguyen+8101@codecomplete.jp,ucoqkw3v,電気科,女性
テスト生徒,duc.nguyen+8102@codecomplete.jp,bni77nk1,機械科,その他
テスト太郎,duc.nguyen+8103@codecomplete.jp,6o78dlmv,普通科,男性
テスト花子,duc.nguyen+8104@codecomplete.jp,zoykkk1m,電気科,女性
テスト生徒,duc.nguyen+8105@codecomplete.jp,9hjr4136,機械科,その他
テスト太郎,duc.nguyen+8106@codecomplete.jp,h3zswy7n,普通科,男性
テスト花子,duc.nguyen+8107@codecomplete.jp,tiic58ds,電気科,女性
テスト生徒,duc.nguyen+8108@codecomplete.jp,t4wt79rh,機械科,その他
テスト太郎,duc.nguyen+8109@codecomplete.jp,08xi4b12,普通科,男性
テスト太郎,duc.nguyen+8110@codecomplete.jp,lvzo7rke,普通科,その他
テスト太郎,duc.nguyen+8111@codecomplete.jp,rp3pm53q,普通科,男性
テスト太郎,duc.nguyen+8112@codecomplete.jp,hrycivlg,普通科,女性
テスト太郎,duc.nguyen+8113@codecomplete.jp,teg0iu3p,普通科,その他
テスト太郎,duc.nguyen+8114@codecomplete.jp,yicd0pia,普通科,男性
テスト太郎,duc.nguyen+8115@codecomplete.jp,ksbomef8,普通科,女性
テスト太郎,duc.nguyen+8116@codecomplete.jp,oq6aw9po,普通科,その他
テスト太郎,duc.nguyen+8117@codecomplete.jp,5qyyak4b,普通科,男性
テスト太郎,duc.nguyen+8118@codecomplete.jp,6sz3ltca,普通科,女性
テスト太郎,duc.nguyen+8119@codecomplete.jp,pjdj6rs6,普通科,その他
テスト太郎,duc.nguyen+8120@codecomplete.jp,hfms3ip2,普通科,男性
テスト太郎,duc.nguyen+8121@codecomplete.jp,46w9eqed,普通科,その他
テスト太郎,duc.nguyen+8122@codecomplete.jp,w2swn81g,普通科,男性
テスト太郎,duc.nguyen+8123@codecomplete.jp,kibmeggd,普通科,女性
テスト太郎,duc.nguyen+8124@codecomplete.jp,jxvx7ip8,普通科,その他
テスト太郎,duc.nguyen+8125@codecomplete.jp,5mmb46rr,普通科,男性
テスト太郎,duc.nguyen+8126@codecomplete.jp,ie0k6a62,普通科,その他
テスト太郎,duc.nguyen+8127@codecomplete.jp,yai34g1y,普通科,男性
テスト太郎,duc.nguyen+8128@codecomplete.jp,2qe0alaw,普通科,女性
テスト太郎,duc.nguyen+8129@codecomplete.jp,8ay12w1l,普通科,その他
テスト太郎,duc.nguyen+8130@codecomplete.jp,mfxmk8ix,普通科,男性
テスト太郎,duc.nguyen+8131@codecomplete.jp,1d8eeaep,普通科,女性
テスト太郎,duc.nguyen+8132@codecomplete.jp,a7z5ylel,普通科,その他
テスト太郎,duc.nguyen+8133@codecomplete.jp,mj0lmd2h,普通科,男性
テスト太郎,duc.nguyen+8134@codecomplete.jp,tlob7gqe,普通科,女性
テスト太郎,duc.nguyen+8135@codecomplete.jp,l1ihr4hi,普通科,その他
テスト太郎,duc.nguyen+8136@codecomplete.jp,g0pn9p5k,普通科,男性
テスト太郎,duc.nguyen+8137@codecomplete.jp,c96ma4aj,普通科,その他
テスト太郎,duc.nguyen+8138@codecomplete.jp,jfh16xfx,普通科,男性
テスト太郎,duc.nguyen+8139@codecomplete.jp,vwvv4s56,普通科,女性
テスト太郎,duc.nguyen+8140@codecomplete.jp,uama5xi9,普通科,その他
テスト太郎,duc.nguyen+8141@codecomplete.jp,indeofad,普通科,男性
テスト太郎,duc.nguyen+8142@codecomplete.jp,oz3rasgt,普通科,女性
テスト太郎,duc.nguyen+8143@codecomplete.jp,mgol0mgk,普通科,その他
テスト太郎,duc.nguyen+8144@codecomplete.jp,u1ff45oq,普通科,男性
テスト太郎,duc.nguyen+8145@codecomplete.jp,mf6x9roi,普通科,女性
テスト太郎,duc.nguyen+8146@codecomplete.jp,0jrq87dj,普通科,その他
テスト太郎,duc.nguyen+8147@codecomplete.jp,2edzdr2e,普通科,男性
テスト太郎,duc.nguyen+8148@codecomplete.jp,ymuzt7xo,普通科,その他
テスト太郎,duc.nguyen+8149@codecomplete.jp,m1h3ljkn,普通科,男性